﻿{"1103010002":{"EndTime":1577836800,"Jump":"game://?module=10003&Tab1=1&itemId=1103010002","ItemID":1103010002,"FromType":3,"Duration":25,"Cdn":"https://www.pubgmobile.com/event/pictures/RPS10/60.png","StartTime":1576454400,"LastClickServerTime":0},"HaveShowBubbleNum":1,"1101004031":{"EndTime":1580860800,"Jump":"game://?module=10003&Tab1=1&itemId=1101004031","ItemID":1101004031,"LastClickServerTime":0,"Duration":60,"Cdn":"https://www.pubgmobile.com/pictures/S11/90.png","StartTime":1579651200,"FromType":3},"1405421":{"EndTime":1580860800,"Jump":"game://?module=10003&Tab1=1&itemId=1405421","ItemID":1405421,"LastClickServerTime":0,"Duration":60,"Cdn":"https://www.pubgmobile.com/pictures/S11/1.png","StartTime":1579651200,"FromType":3},"1405362":{"EndTime":1577836800,"Jump":"game://?module=10003&Tab1=1&itemId=1405362","ItemID":1405362,"FromType":3,"Duration":25,"Cdn":"https://www.pubgmobile.com/event/pictures/RPS10/100.png","StartTime":1576454400,"LastClickServerTime":0},"1405363":{"EndTime":1577836800,"Jump":"game://?module=10003&Tab1=1&itemId=1405363","ItemID":1405363,"FromType":3,"Duration":25,"Cdn":"https://www.pubgmobile.com/event/pictures/RPS10/50.png","StartTime":1576454400,"LastClickServerTime":0},"LoginTime":1580235177,"1405419":{"EndTime":1580860800,"Jump":"game://?module=10003&Tab1=1&itemId=1405419","ItemID":1405419,"LastClickServerTime":0,"Duration":60,"Cdn":"https://www.pubgmobile.com/pictures/S11/100.png","StartTime":1579651200,"FromType":3},"1501000026":{"EndTime":1580860800,"Jump":"game://?module=10003&Tab1=1&itemId=1501000026","ItemID":1501000026,"LastClickServerTime":0,"Duration":60,"Cdn":"https://www.pubgmobile.com/pictures/S11/70.png","StartTime":1579651200,"FromType":3},"1502000039":{"EndTime":1577836800,"Jump":"game://?module=10003&Tab1=1&itemId=1502000039","ItemID":1502000039,"FromType":3,"Duration":25,"Cdn":"https://www.pubgmobile.com/event/pictures/RPS10/80.png","StartTime":1576454400,"LastClickServerTime":0},"1101008021":{"EndTime":1580860800,"Jump":"game://?module=10003&Tab1=1&itemId=1101008021","ItemID":1101008021,"LastClickServerTime":0,"Duration":60,"Cdn":"https://www.pubgmobile.com/pictures/S11/2.png","StartTime":1579651200,"FromType":3},"1502000081":{"EndTime":1580860800,"Jump":"game://?module=10003&Tab1=1&itemId=1502000081","ItemID":1502000081,"LastClickServerTime":0,"Duration":60,"Cdn":"https://www.pubgmobile.com/pictures/S11/20.png","StartTime":1579651200,"FromType":3},"1108004105":{"EndTime":1580860800,"Jump":"game://?module=10003&Tab1=1&itemId=1108004105","ItemID":1108004105,"LastClickServerTime":0,"Duration":60,"Cdn":"https://www.pubgmobile.com/pictures/S11/40.png","StartTime":1579651200,"FromType":3},"1101001025":{"EndTime":1577836800,"Jump":"game://?module=10003&Tab1=1&itemId=1101001025","ItemID":1101001025,"FromType":3,"Duration":25,"Cdn":"https://www.pubgmobile.com/event/pictures/RPS10/90.png","StartTime":1576454400,"LastClickServerTime":0},"1501000041":{"EndTime":1577836800,"Jump":"game://?module=10003&Tab1=2&itemId=1501000041","ItemID":1501000041,"FromType":3,"Duration":25,"Cdn":"https://www.pubgmobile.com/event/pictures/RPS10/box1.png","StartTime":1576454400,"LastClickServerTime":0}}