﻿{"1103001013":{"EndTime":1564790400,"LastClickServerTime":0,"Jump":"game://?module=10003&Tab1=3&itemId=1103001013","Duration":30,"StartTime":1564538400,"Cdn":"http://www.pubgmobile.com/event/pictures/RPS8/green.png","FromType":3,"ItemID":1103001013},"HaveShowBubbleNum":3,"1405365":{"EndTime":1574128800,"ItemID":1405365,"Jump":"game://?module=10003&Tab1=2&itemId=1405365","Duration":30,"StartTime":1573869600,"Cdn":"https://www.pubgmobile.com/event/pictures/RPS10/box2.png","FromType":3,"LastClickServerTime":0}}