﻿{"2":{"end_time":"2030-07-15 00:00:00","begin_time":"2018-07-15 00:00:00","path":"/Game/UMG/Texture/LoadingUI/LOADING_image_2.LOADING_image_2","end_time_stamp":1910304000,"weight":1},"3":{"end_time":"2030-07-15 00:00:00","begin_time":"2018-07-15 00:00:00","path":"/Game/UMG/Texture/LoadingUI/LOADING_image_3.LOADING_image_3","end_time_stamp":1910304000,"weight":1},"4":{"end_time":"2030-07-15 00:00:00","begin_time":"2018-07-15 00:00:00","path":"/Game/UMG/Texture/LoadingUI/LOADING_image_4.LOADING_image_4","end_time_stamp":1910304000,"weight":1},"3056":{"region_map":[],"end_time":"2020-02-12 07:59:59","begin_time":"2020-01-25 08:00:00","path":"http://www.pubgmobile.com/act_pics/165loading/jiancike.jpg","end_time_stamp":1581494399,"weight":80},"3057":{"region_map":[],"end_time":"2020-01-31 07:59:59","begin_time":"2020-01-29 08:00:00","path":"http://www.pubgmobile.com/act_pics/165loading/ziguimeiying.jpg","end_time_stamp":1580457599,"weight":150},"3059":{"region_map":[],"end_time":"2020-01-31 07:59:59","begin_time":"2020-01-29 08:00:00","path":"http://www.pubgmobile.com/act_pics/165loading/xuehuaxiongtao.jpg","end_time_stamp":1580457599,"weight":150},"3060":{"region_map":[],"end_time":"2020-02-18 07:59:59","begin_time":"2020-01-31 08:00:00","path":"http://www.pubgmobile.com/act_pics/165loading/xuehuaxiongtao.jpg","end_time_stamp":1582012799,"weight":80},"3048":{"region_map":[],"end_time":"2020-02-01 07:59:59","begin_time":"2019-12-27 08:00:00","path":"http://www.pubgmobile.com/act_pics/160loading/V160zhonghuoli.jpg","end_time_stamp":1580543999,"weight":150},"3050":{"region_map":[],"end_time":"2020-03-06 07:59:59","begin_time":"2020-01-11 08:00:00","path":"http://www.pubgmobile.com/act_pics/165loading/RP11.jpg","end_time_stamp":1583481599,"weight":80},"11":{"end_time":"2030-07-15 00:00:00","begin_time":"2018-07-15 00:00:00","path":"https://www.pubgmobile.com/event/pics/loading/loading16.jpg","end_time_stamp":1910304000,"weight":1},"3052":{"region_map":[],"end_time":"2020-02-11 07:59:59","begin_time":"2020-01-11 08:00:00","path":"http://www.pubgmobile.com/act_pics/165loading/judian.jpg","end_time_stamp":1581407999,"weight":80},"12":{"end_time":"2030-07-15 00:00:00","begin_time":"2018-07-15 00:00:00","path":"https://www.pubgmobile.com/event/pics/banner/banner88.png","end_time_stamp":1910304000,"weight":1},"3054":{"region_map":[],"end_time":"2020-02-08 07:59:59","begin_time":"2020-01-20 08:00:00","path":"http://www.pubgmobile.com/act_pics/165loading/zhixuzhuzai.jpg","end_time_stamp":1581148799,"weight":80},"10":{"end_time":"2030-07-15 00:00:00","begin_time":"2018-07-15 00:00:00","path":"https://www.pubgmobile.com/event/pics/loading/loading15.jpg","end_time_stamp":1910304000,"weight":1}}